Community_x	Precursor_ID	Sequence	Synthetase	Clade	New Type	Previous type	XP validation	name	ID_precursor	Community_y	Subcommunity	Combo_Subcommunity	Core_x	Core_y	Order	Accession_DB	Localisation	start	end	Nuccore	Close_prophage	Cluster	Type	sys_id	Position	replicon	Assembly	New_clade	Type_defensive	Done_sys	Sys_close	Nb_sys_close	Close_type	Close_sys_id	In_plasmid	Close_conservon	Color	Complete
0.0_1.0	GCF_015767755.1_NZ_CP065248.1_01971_2808	AEHPYGKLMCSTGDGCGPTCQGGASACNSFVEDS	GCF_015767755.1_NZ_CP065248.1_01971	Clade_9.1	Type 1	1	0	0	GCF_015767755.1_NZ_CP065248.1_01971_2808	0.0	0.0	0.0_0.0	AEHPYGKLMCSTGDGCGPTCQGGASACNSFVEDS	AEHPYGKLMCSTGDGCGPTCQGGASACNSFVEDS	130	GCF_015767755.1_NZ_CP065248.1_01971	1794915:1796016	1794915	1796016	NZ_CP065248.1	0	GCF_000154925.1_NZ_DS570651.1_03749	lanthipeptide-class-i	GCF_015767755.1_NZ_CP065248.1.region015_lanthipeptide-class-i_1785129_1807993	1971	GCF_015767755.1_NZ_CP065248.1	GCF_015767755.1	Clade 1	Lanthiphage	0	1.0	1.0	CBASS_II	GCF_015767755.1_CBASS_II_7	0	0.0	#A57E7E	MTNATLAQAELPMALDEDDFAPLDVRVVIAEHPYGKLMCSTGDGCGPTCQGGASACNSFVEDSA
0.0_1.0	GCF_028752555.1_NZ_CP086229.1_04270_2802	AEHPYGKLMCSTGDGCGPTCQGGASACNSFVEDS	GCF_028752555.1_NZ_CP086229.1_04270	Clade_9.1	Type 1	1	0	0	GCF_028752555.1_NZ_CP086229.1_04270_2802	0.0	0.0	0.0_0.0	AEHPYGKLMCSTGDGCGPTCQGGASACNSFVEDS	AEHPYGKLMCSTGDGCGPTCQGGASACNSFVEDS	144	GCF_028752555.1_NZ_CP086229.1_04270	5082737:5083838	5082737	5083838	NZ_CP086229.1	0	GCF_000154925.1_NZ_DS570651.1_03749	lanthipeptide-class-i	GCF_028752555.1_NZ_CP086229.1.region013_lanthipeptide-class-i_5069562_5094849	4270	GCF_028752555.1_NZ_CP086229.1	GCF_028752555.1	Clade 1	Lanthiphage	0	1.0	1.0	CBASS_II	GCF_028752555.1_CBASS_II_8	0	0.0	#A57E7E	MTNATLAQAELPMALDEDDFAPLDVRVVIAEHPYGKLMCSTGDGCGPTCQGGASACNSFVEDSA
10.0_1.0	GCF_025165795.1_NZ_JAJAGO010000021.1_02833_2811	DGFELDVALLEVADTAGLINLTDDGCGETCGACTTNVA	GCF_025165795.1_NZ_JAJAGO010000021.1_02833	Clade_4	Type 6	6	0	0	GCF_025165795.1_NZ_JAJAGO010000021.1_02833_2811	10.0	1.0	10.0_1.0	DGFELDVALLEVADTAGLINLTDDGCGETCGACTTNVA	DGFELDVALLEVADTAGLINLTDDGCGETCGACTTNVA	805	GCF_025165795.1_NZ_JAJAGO010000021.1_02833	68466:69741	68466	69741	NZ_JAJAGO010000021.1	0	GCF_000242715.1_NZ_AHBF01000028.1_08112	lanthipeptide-class-i	GCF_025165795.1_NZ_JAJAGO010000021.1.region001_lanthipeptide-class-i_55399_81847	2833	GCF_025165795.1_NZ_JAJAGO010000021.1	GCF_025165795.1	Clade 10	Lanthiphage	0	0.0				0	0.0	#A57E7E	MTLSNAPGTTQAHPQSKPTDGFELDVALLEVADTAGLINLTDDGCGETCGACTTNVA
14.0_0.0	GCF_029958285.1_NZ_JASBOE010000018.1_04036_2805	MATATAPLTTTTVEAPLSDEWELDTTITRSPAPIVEACDTNDGCASSCASSCTSS	GCF_029958285.1_NZ_JASBOE010000018.1_04036	Clade_1	Type 8	8	0	0	GCF_029958285.1_NZ_JASBOE010000018.1_04036_2805	14.0	4.0	14.0_4.0	MATATAPLTTTTVEAPLSDEWELDTTITRSPAPIVEACDTNDGCASSCASSCTSS	MATATAPLTTTTVEAPLSDEWELDTTITRSPAPIVEACDTNDGCASSCASSCTSS	1281	GCF_029958285.1_NZ_JASBOE010000018.1_04036	104696:105869	104696	105869	NZ_JASBOE010000018.1	1	GCF_022392825.1_NZ_JAFETE010000014.1_05061	lanthipeptide-class-i	GCF_029958285.1_NZ_JASBOE010000018.1.region001_lanthipeptide-class-i_94697_118815	4036	GCF_029958285.1_NZ_JASBOE010000018.1	GCF_029958285.1	Clade 7	Lanthiphage	0	0.0				0	0.0	#A57E7E	MATATAPLTTTTVEAPLSDEWELDTTITRSPAPIVEACDTNDGCASSCASSCTSS
14.0_0.0	GCF_020092085.1_NZ_JAHSTP010000004.1_01080_2806	PRPAAAVAEPLPAEEWELDTTVTRAPVPIVEACGTGDGCAKTCASSCASS	GCF_020092085.1_NZ_JAHSTP010000004.1_01080	Clade_1	Type 8	8	0	0	GCF_020092085.1_NZ_JAHSTP010000004.1_01080_2806	14.0	4.0	14.0_4.0	PRPAAAVAEPLPAEEWELDTTVTRAPVPIVEACGTGDGCAKTCASSCASS	PRPAAAVAEPLPAEEWELDTTVTRAPVPIVEACGTGDGCAKTCASSCASS	1263	GCF_020092085.1_NZ_JAHSTP010000004.1_01080	287026:288181	287026	288181	NZ_JAHSTP010000004.1	0	GCF_015244315.1_NZ_CP043317.1_01605	lanthipeptide-class-i	GCF_020092085.1_NZ_JAHSTP010000004.1.region004_lanthipeptide-class-i_274034_298182	1080	GCF_020092085.1_NZ_JAHSTP010000004.1	GCF_020092085.1	Clade 7	Lanthiphage	0	1.0	1.0	CAS_Class1-Subtype-I-E	GCF_020092085.1_CAS_Class1-Subtype-I-E_9	0	0.0	#A57E7E	MSIPTCQPPRPAAAVAEPLPAEEWELDTTVTRAPVPIVEACGTGDGCAKTCASSCASS
14.0_1.0	GCF_024701375.2_NZ_CP113910.1_02838_2809	DLLPKACGTGDGCAASCASSCASAV	GCF_024701375.2_NZ_CP113910.1_02838	Clade_1	Type 8	6	0	0	GCF_024701375.2_NZ_CP113910.1_02838_2809	14.0	2.0	14.0_2.0	DLLPKACGTGDGCAASCASSCASAV	DLLPKACGTGDGCAASCASSCASAV	1180	GCF_024701375.2_NZ_CP113910.1_02838	3429550:3430726	3429550	3430726	NZ_CP113910.1	0	GCF_001672315.1_NZ_LWAB01000002.1_01105	lanthipeptide-class-i	GCF_024701375.2_NZ_CP113910.1.region013_lanthipeptide-class-i_3419551_3443777	2838	GCF_024701375.2_NZ_CP113910.1	GCF_024701375.2	Clade 7	Lanthiphage	0	1.0	1.0	RM_Type_I	GCF_024701375.2_RM_Type_I_13	0	0.0	#A57E7E	MTATMLSPIMTATIGAPAATAAPEAPADPFDVDLTIVTEIGADLLPKACGTGDGCAASCASSCASAV
18.0_0.0	GCF_033097365.1_NZ_AP028461.1_08696_2813	VDHIIKMTNDGCGSTCQSACTSC	GCF_033097365.1_NZ_AP028461.1_08696	Clade_7	Type 2	2	0	0	GCF_033097365.1_NZ_AP028461.1_08696_2813	18.0	0.0	18.0_0.0	TVDHIIKMTNDGCGSTCQSACTSC	TVDHIIKMTNDGCGSTCQSACTSC	1485	GCF_033097365.1_NZ_AP028461.1_08696	9657542:9658781	9657542	9658781	NZ_AP028461.1	0	GCF_033097365.1_NZ_AP028461.1_08696	lanthipeptide-class-i	GCF_033097365.1_NZ_AP028461.1.region015_lanthipeptide-class-i_9646702_9671805	8696	GCF_033097365.1_NZ_AP028461.1	GCF_033097365.1	Clade 5	Lanthiphage	0	1.0	1.0	Dpd	GCF_033097365.1_Dpd_8	0	0.0	#A57E7E	MTAPTVERSTVAPAAETPLADTGIEDLDITFIEAGDTVDHIIKMTNDGCGSTCQSACTSC
2.0_2.0	GCF_002551045.1_NZ_NTGO01000003.1_07454_2812	ATETVLMCGTGDNCGSSCPSACTTS	GCF_002551045.1_NZ_NTGO01000003.1_07454	Clade_2	Type 3	3	0	0	GCF_002551045.1_NZ_NTGO01000003.1_07454_2812	2.0	2.0	2.0_2.0	ATETVLMCGTGDNCGSSCPSACTTS	ATETVLMCGTGDNCGSSCPSACTTS	2007	GCF_002551045.1_NZ_NTGO01000003.1_07454	19742:20807	19742	20807	NZ_NTGO01000003.1	0	GCF_000716935.1_NZ_JNWU01000004.1_06646	lanthipeptide-class-i	GCF_002551045.1_NZ_NTGO01000003.1.region001_lanthipeptide-class-i_7661_32844	7454	GCF_002551045.1_NZ_NTGO01000003.1	GCF_002551045.1	Clade 8	Lanthiphage	0	0.0				1	0.0	#A57E7E	MTATQTERPTAPAQADLVKTDDDPFGLDITFIEGTPATETVLMCGTGDNCGSSCPSACTTS
25.0_0.0	GCF_000308615.1_NZ_BAGB01000062.1_03551_1	YSTFAMCSAVSCPNGPSCLPCEQRR	GCF_000308615.1_NZ_BAGB01000062.1_03551						GCF_000308615.1_NZ_BAGB01000062.1_03551_1	25.0	0.0	25.0_0.0	YSTFAMCSAVSCPNGPSCLPCEQRR	YSTFAMCSAVSCPNGPSCLPCEQRR	2076	GCF_000308615.1_NZ_BAGB01000062.1_03551	185471:186788	185471	186788	NZ_BAGB01000062.1	0	GCF_019890715.1_NZ_JAINZY010000001.1_04510	lanthipeptide-class-i	GCF_000308615.1_NZ_BAGB01000062.1.region001_lanthipeptide-class-i_175472_199718	3551	GCF_000308615.1_NZ_BAGB01000062.1	GCF_000308615.1	Non Defensive	lanthipeptide-class-i	0	0.0				0	0.0	#CDCBCB	MATEFDLDVVVQSSGNCMSTNYSTFAMCSAVSCPNGPSCLPCEQRR
29.0_0.0	GCF_029626265.1_NZ_JARUBN010000001.1_03638_2803	LADTDDGCDTVKGSDC	GCF_029626265.1_NZ_JARUBN010000001.1_03638	Clade_5	Type 5	5	0	0	GCF_029626265.1_NZ_JARUBN010000001.1_03638_2803	29.0	0.0	29.0_0.0	LADTDDGCDTVKGSDC	LADTDDGCDTVKGSDC	2217	GCF_029626265.1_NZ_JARUBN010000001.1_03638	3885118:3886381	3885118	3886381	NZ_JARUBN010000001.1	0	GCF_000484695.1_NZ_AXVR01000002.1_00355	lanthipeptide-class-i	GCF_029626265.1_NZ_JARUBN010000001.1.region015_lanthipeptide-class-i_3873020_3899408	3638	GCF_029626265.1_NZ_JARUBN010000001.1	GCF_029626265.1	Clade 6	Lanthiphage	0	1.0	1.0	Wadjet_II	GCF_029626265.1_Wadjet_II_6	0	0.0	#A57E7E	MNSLLAVSNDPFELDVQIVTEGPVAAALLADTDDGCDTVKGSDC
4.0_1.0	GCF_016786345.1_NZ_JADWYT010000086.1_00936_2814	ATNTDDDCGSGDTGTSACTTSADG	GCF_016786345.1_NZ_JADWYT010000086.1_00936	Clade_6	Type 4	4	0	0	GCF_016786345.1_NZ_JADWYT010000086.1_00936_2814	4.0	1.0	4.0_1.0	ATNTDDDCGSGDTGTSACTTSADG	ATNTDDDCGSGDTGTSACTTSADG	2377	GCF_016786345.1_NZ_JADWYT010000086.1_00936	11485:12559	11485	12559	NZ_JADWYT010000086.1	0	GCF_004337455.1_NZ_SJXI01000056.1_09245	lanthipeptide-class-i	GCF_016786345.1_NZ_JADWYT010000086.1.region001_lanthipeptide-class-i_1_23351	936	GCF_016786345.1_NZ_JADWYT010000086.1	GCF_016786345.1	Clade 4	Lanthiphage	0	0.0				0	0.0	#A57E7E	MDNPEYELDLRLVDAGTVAGGYATNTDDDCGSGDTGTSACTTSADGS
4.0_2.0	GCF_003428695.1_NZ_QURH01000224.1_01467_2801	ATNTDDGCGSGNTGSNACTGGRD	GCF_003428695.1_NZ_QURH01000224.1_01467	Clade_6	Type 4	4	0	0	GCF_003428695.1_NZ_QURH01000224.1_01467_2801	4.0	2.0	4.0_2.0	ATNTDDGCGSGNTGSNACTGGRD	ATNTDDGCGSGNTGSNACTGGRD	2437	GCF_003428695.1_NZ_QURH01000224.1_01467	19249:20323	19249	20323	NZ_QURH01000224.1	0	GCF_003696215.1_NZ_RFFG01000042.1_06352	lanthipeptide-class-i	GCF_003428695.1_NZ_QURH01000224.1.region001_lanthipeptide-class-i_6476_31126	1467	GCF_003428695.1_NZ_QURH01000224.1	GCF_003428695.1	Clade 4	Lanthiphage	0	1.0	1.0	Septu	GCF_003428695.1_Septu_4	1	0.0	#A57E7E	MDTTEHDYQLDVRLVDAGPAASGHATNTDDGCGSGNTGSNACTGGRD
4.0_2.0	GCF_030269465.1_NZ_BSTK01000017.1_07491_2807	YATSTDDNCGSGNTGSDACSGGGR	GCF_030269465.1_NZ_BSTK01000017.1_07491	Clade_6	Type 4	4	0	0	GCF_030269465.1_NZ_BSTK01000017.1_07491_2807	4.0	2.0	4.0_2.0	YATSTDDNCGSGNTGSDACSGGGR	YATSTDDNCGSGNTGSDACSGGGR	2415	GCF_030269465.1_NZ_BSTK01000017.1_07491	8026:9103	8026	9103	NZ_BSTK01000017.1	0	GCF_030269465.1_NZ_BSTK01000017.1_07491	lanthipeptide-class-i	GCF_030269465.1_NZ_BSTK01000017.1.region001_lanthipeptide-class-i_1_21846	7491	GCF_030269465.1_NZ_BSTK01000017.1	GCF_030269465.1	Clade 4	Lanthiphage	0	0.0				0	0.0	#A57E7E	MEHLNIRLVDAGLTTSAYATSTDDNCGSGNTGSDACSGGGR
51.0_0.0	GCF_001187435.1_NZ_LFXA01000009.1_03180_0	YVGSTSTCNSWNGHVSRCWNCN	GCF_001187435.1_NZ_LFXA01000009.1_03180	Ndef 5					GCF_001187435.1_NZ_LFXA01000009.1_03180_0	51.0	0.0	51.0_0.0	YVGSTSTCNSWNGHVSRCWNCN	YVGSTSTCNSWNGHVSRCWNCN	2500	GCF_001187435.1_NZ_LFXA01000009.1_03180	519065:520355	519065	520355	NZ_LFXA01000009.1	0	GCF_001187435.1_NZ_LFXA01000009.1_03180	lanthipeptide-class-i	GCF_001187435.1_NZ_LFXA01000009.1.region002_lanthipeptide-class-i_509066_533243	3180	GCF_001187435.1_NZ_LFXA01000009.1	GCF_001187435.1	Non Defensive	lanthipeptide-class-i	0	1.0	1.0	RM_Type_I	GCF_001187435.1_RM_Type_I_2	0	0.0	#CDCBCB	MPHVNLDGLSESLDITDLDLDVNVPETDFTSTKYVGSTSTCNSWNGHVSRCWNCN
